person_id,name,age,latitude,longitude,location_name
1,Person_001,71,21.144875,79.087934,Clinic
2,Person_002,84,21.146232,79.089939,Clinic
3,Person_003,79,21.145615,79.087526,Park
4,Person_004,75,21.14426,79.087051,Home
5,Person_005,72,21.145016,79.08929,Market
6,Person_006,85,21.144988,79.089421,Hospital
7,Person_007,71,21.146785,79.088039,Home
8,Person_008,83,21.146849,79.088394,Hospital
9,Person_009,87,21.144592,79.088949,Home
10,Person_010,75,21.147991,79.087144,Park
11,Person_011,75,21.145067,79.089847,Market
12,Person_012,88,21.147906,79.08966,Market
13,Person_013,85,21.145644,79.087783,Temple
14,Person_014,68,21.144132,79.087046,Hospital
15,Person_015,72,21.14538,79.0898,Home
16,Person_016,88,21.146537,79.088503,Home
17,Person_017,67,21.146723,79.088618,Garden
18,Person_018,86,21.146124,79.089052,Garden
19,Person_019,85,21.145791,79.088848,Clinic
20,Person_020,66,21.146212,79.089832,Temple
21,Person_021,88,21.146371,79.089833,Community Hall
22,Person_022,76,21.144323,79.089602,Garden
23,Person_023,70,21.145479,79.088909,Community Hall
24,Person_024,66,21.144969,79.089403,Clinic
25,Person_025,85,21.147213,79.089032,Clinic
26,Person_026,65,21.145881,79.08872,Clinic
27,Person_027,76,21.147934,79.087386,Hospital
28,Person_028,86,21.145595,79.089434,Hospital
29,Person_029,76,21.147266,79.089462,Park
30,Person_030,89,21.147193,79.088878,Park
31,Person_031,81,21.144603,79.089461,Clinic
32,Person_032,74,21.146033,79.088954,Temple
33,Person_033,80,21.146783,79.08762,Home
34,Person_034,79,21.147433,79.087822,Hospital
35,Person_035,79,21.145304,79.087644,Temple
36,Person_036,83,21.144881,79.088132,Market
37,Person_037,76,21.146845,79.087117,Hospital
38,Person_038,87,21.147238,79.088855,Hospital
39,Person_039,84,21.145395,79.08801,Park
40,Person_040,89,21.144385,79.088967,Home
41,Person_041,67,21.147762,79.088156,Home
42,Person_042,69,21.14559,79.089045,Garden
43,Person_043,83,21.146071,79.088022,Community Hall
44,Person_044,71,21.147351,79.087782,Community Hall
45,Person_045,85,21.146703,79.088488,Community Hall
46,Person_046,73,21.146941,79.089079,Community Hall
47,Person_047,71,21.144836,79.088045,Market
48,Person_048,82,21.146166,79.08981,Market
49,Person_049,68,21.146783,79.087118,Hospital
50,Person_050,89,21.144914,79.088254,Clinic
51,Person_051,78,21.1447,79.089903,Park
52,Person_052,82,21.147929,79.088644,Park
53,Person_053,73,21.146067,79.08827,Community Hall
54,Person_054,85,21.145043,79.088706,Hospital
55,Person_055,66,21.147985,79.088728,Garden
56,Person_056,84,21.147862,79.089195,Temple
57,Person_057,79,21.146233,79.087383,Clinic
58,Person_058,71,21.147531,79.08775,Hospital
59,Person_059,76,21.144755,79.088742,Clinic
60,Person_060,72,21.145115,79.089601,Clinic
61,Person_061,79,21.146801,79.088686,Clinic
62,Person_062,67,21.147387,79.087716,Hospital
63,Person_063,78,21.147425,79.08904,Community Hall
64,Person_064,81,21.145618,79.08922,Park
65,Person_065,68,21.147551,79.087715,Park
66,Person_066,82,21.147404,79.088133,Community Hall
67,Person_067,72,21.147743,79.088603,Clinic
68,Person_068,68,21.147141,79.08849,Temple
69,Person_069,66,21.146676,79.088169,Home
70,Person_070,70,21.146323,79.087893,Hospital
71,Person_071,86,21.145489,79.0873,Home
72,Person_072,74,21.147761,79.08716,Garden
73,Person_073,68,21.147895,79.089876,Community Hall
74,Person_074,86,21.145136,79.089541,Temple
75,Person_075,82,21.145221,79.088065,Hospital
76,Person_076,76,21.145942,79.08987,Community Hall
77,Person_077,66,21.145794,79.08903,Clinic
78,Person_078,74,21.147978,79.088448,Park
79,Person_079,68,21.144704,79.088479,Home
80,Person_080,78,21.144072,79.08725,Market
81,Person_081,80,21.145976,79.087275,Market
82,Person_082,79,21.144715,79.088807,Temple
83,Person_083,72,21.145466,79.088661,Clinic
84,Person_084,78,21.146977,79.087638,Garden
85,Person_085,87,21.146884,79.089839,Home
86,Person_086,89,21.145232,79.089344,Clinic
87,Person_087,72,21.14617,79.08734,Home
88,Person_088,85,21.146035,79.089793,Temple
89,Person_089,80,21.146545,79.089923,Temple
90,Person_090,77,21.145002,79.089988,Garden
91,Person_091,82,21.146359,79.087168,Market
92,Person_092,79,21.147916,79.089211,Clinic
93,Person_093,85,21.145947,79.088638,Hospital
94,Person_094,88,21.147624,79.089117,Market
95,Person_095,89,21.145738,79.089906,Clinic
96,Person_096,77,21.1454,79.089064,Market
97,Person_097,73,21.14658,79.089511,Hospital
98,Person_098,79,21.146676,79.089601,Park
99,Person_099,77,21.147457,79.089515,Park
100,Person_100,65,21.144921,79.088278,Garden
101,Person_101,89,21.145997,79.087668,Park
102,Person_102,71,21.146288,79.08819,Park
103,Person_103,73,21.147074,79.089676,Community Hall
104,Person_104,88,21.144174,79.08744,Home
105,Person_105,65,21.147978,79.08854,Community Hall
106,Person_106,76,21.14588,79.0877,Community Hall
107,Person_107,72,21.145118,79.088744,Garden
108,Person_108,88,21.147534,79.089589,Community Hall
109,Person_109,75,21.146991,79.089641,Park
110,Person_110,83,21.147812,79.08771,Hospital
111,Person_111,81,21.145323,79.089723,Garden
112,Person_112,72,21.146211,79.088776,Garden
113,Person_113,67,21.146289,79.088051,Temple
114,Person_114,67,21.147921,79.089125,Garden
115,Person_115,65,21.144301,79.088445,Temple
116,Person_116,69,21.145223,79.088134,Garden
117,Person_117,74,21.144764,79.089115,Home
118,Person_118,71,21.145074,79.087746,Park
119,Person_119,73,21.145941,79.087991,Garden
120,Person_120,71,21.145491,79.088303,Park
121,Person_121,73,21.145579,79.087761,Park
122,Person_122,72,21.147377,79.088216,Market
123,Person_123,76,21.14772,79.088714,Garden
124,Person_124,66,21.144282,79.089223,Clinic
125,Person_125,65,21.144836,79.089302,Market
126,Person_126,80,21.146685,79.089468,Clinic
127,Person_127,87,21.145435,79.089233,Park
128,Person_128,87,21.145017,79.089043,Park
129,Person_129,88,21.145181,79.087713,Market
130,Person_130,69,21.14529,79.088201,Market
131,Person_131,67,21.147395,79.088433,Clinic
132,Person_132,76,21.144546,79.087249,Temple
133,Person_133,72,21.146836,79.088585,Clinic
134,Person_134,86,21.146211,79.088309,Market
135,Person_135,67,21.145186,79.089406,Hospital
136,Person_136,65,21.145679,79.089934,Market
137,Person_137,67,21.145025,79.088668,Hospital
138,Person_138,69,21.146446,79.087968,Home
139,Person_139,79,21.144326,79.08713,Market
140,Person_140,78,21.144021,79.089774,Home
141,Person_141,67,21.146512,79.089757,Temple
142,Person_142,65,21.144777,79.087759,Clinic
143,Person_143,69,21.144284,79.089086,Hospital
144,Person_144,87,21.145587,79.087226,Clinic
145,Person_145,78,21.144203,79.087499,Home
146,Person_146,71,21.147546,79.08765,Hospital
147,Person_147,73,21.14411,79.087883,Clinic
148,Person_148,79,21.146315,79.089987,Market
149,Person_149,79,21.145754,79.089091,Park
150,Person_150,74,21.146688,79.088153,Home
151,Person_151,77,21.145313,79.089211,Clinic
152,Person_152,83,21.14462,79.089746,Home
153,Person_153,71,21.147927,79.089876,Community Hall
154,Person_154,81,21.147356,79.087174,Home
155,Person_155,84,21.147442,79.088184,Hospital
156,Person_156,68,21.145001,79.08732,Community Hall
157,Person_157,69,21.144155,79.088007,Garden
158,Person_158,87,21.145213,79.087509,Hospital
159,Person_159,71,21.146148,79.088941,Park
160,Person_160,77,21.145307,79.088165,Community Hall
161,Person_161,79,21.147311,79.087688,Garden
162,Person_162,75,21.145086,79.087798,Market
163,Person_163,68,21.147861,79.088081,Home
164,Person_164,77,21.145829,79.08778,Clinic
165,Person_165,71,21.147368,79.08836,Temple
166,Person_166,83,21.144778,79.087097,Home
167,Person_167,86,21.145645,79.087839,Garden
168,Person_168,66,21.146798,79.088234,Home
169,Person_169,74,21.144553,79.088808,Park
170,Person_170,77,21.144531,79.087813,Market
171,Person_171,89,21.147878,79.0874,Temple
172,Person_172,85,21.146858,79.087229,Community Hall
173,Person_173,70,21.144164,79.089822,Community Hall
174,Person_174,76,21.145595,79.08825,Community Hall
175,Person_175,76,21.145734,79.088743,Garden
176,Person_176,84,21.146976,79.089758,Hospital
177,Person_177,75,21.145003,79.087248,Hospital
178,Person_178,87,21.144737,79.08963,Clinic
179,Person_179,89,21.144323,79.088655,Temple
180,Person_180,71,21.145713,79.087495,Community Hall
181,Person_181,65,21.146754,79.088234,Hospital
182,Person_182,65,21.144233,79.089333,Garden
183,Person_183,89,21.147661,79.088441,Clinic
184,Person_184,89,21.145769,79.089956,Market
185,Person_185,84,21.144959,79.08813,Clinic
186,Person_186,77,21.144375,79.089249,Hospital
187,Person_187,73,21.144731,79.088179,Park
188,Person_188,67,21.147738,79.089487,Garden
189,Person_189,71,21.146553,79.088707,Park
190,Person_190,70,21.146067,79.087191,Community Hall
191,Person_191,72,21.146628,79.08711,Park
192,Person_192,73,21.145743,79.087402,Community Hall
193,Person_193,69,21.14692,79.087041,Community Hall
194,Person_194,65,21.144191,79.087226,Hospital
195,Person_195,83,21.146264,79.089075,Park
196,Person_196,74,21.144635,79.088603,Community Hall
197,Person_197,76,21.144481,79.08925,Temple
198,Person_198,88,21.145368,79.089739,Market
199,Person_199,79,21.144367,79.088755,Clinic
200,Person_200,86,21.144377,79.089178,Clinic
